,filename,neck,sleeve_length,pattern
0,f7596a49-f2d6-4578-a00d-2a9ae35a90451528181372682-a-6681528181370735-5.jpg,3.0,3.0,9.0
1,24dd0e83-8798-4c50-886d-88e691a7922a1527748973036-UVW-Mens-Organic-Casual-Polo-Neck-Solid-T-Shirt-2821527748972943-5.jpg,3.0,3.0,9.0
2,9ed13a99-4283-4738-afe3-c02cecd3c4211532079241521-Moda-Rapido-Men-Tshirts-8711532079241426-5.jpg,6.0,3.0,9.0
3,11486635212168-sOliver-Men-Pink-Solid-Henley-Neck-T-Shirt-5411486635212057-5.jpg,,3.0,
4,11518437458927-Puma-Men-Red-Spirit-II-Polo-T-shirt-2631518437458845-5.jpg,,3.0,6.0
5,aa073715-c0d2-4df3-b7b7-956bdb0c76fa1529404000679-Levis-Men-Tshirts-5051529404000575-1.jpg,,3.0,9.0
6,dd554569-d81b-4435-ae42-3c9cc779bfd71528538836804-Gmcks-Men-Tshirts-1961528538836634-4.jpg,4.0,3.0,9.0
7,4fd4b317-aacf-479f-84aa-43ac93b7bde21528288823780-Roadster-Men-Off-White-Striped-Mandarin-Collar-T-shirt-3581528288823662-3.jpg,6.0,0.0,9.0
8,82a0843d-b16e-44cd-a487-444791dcf0151537011192834-NA-6101537011192604-1.jpg,6.0,3.0,9.0
9,11512546146672-Elaborado-Men-Platinum-Grey-Henley-Tshirt-1411512546146492-2.jpg,6.0,0.0,9.0
10,16216504-4212-441b-8e9c-5a792aeb2fd01526452962259-Levis-Men-Tshirts-8661526452960608-1.jpg,6.0,3.0,1.0
11,11519127075522-HERENOW-Men-White-Colourblocked-Round-Neck-T-shirt-9861519127075449-4.jpg,6.0,3.0,9.0
12,11489127789636-FILA-Men-Tshirts-6591489127789417-5.jpg,,3.0,9.0
13,11522041763558-WROGN-Men-Grey-Melange--Black-Colourblocked-Henley-Neck-T-shirt-1711522041763355-3.jpg,6.0,3.0,
14,11507534249702-FOREVER-21-Men-Tshirts-1331507534249533-1.jpg,,3.0,9.0
15,11491288646955-FOREVER-21-Men-Tshirts-5191491288646687-1.jpg,1.0,3.0,9.0
16,11518758325254-Hypernation-Black-and-Grey-Stripe-Cotton-Mask-T-shirt-For-Men-5581518758325001-1.jpg,6.0,3.0,9.0
17,11520509572982-na-2841520509572830-2.jpg,1.0,3.0,9.0
18,11523859632059-French-Connection-Men-Tshirts-1471523859631946-5.jpg,6.0,3.0,9.0
19,11518519776663-Tommy-Hilfiger-Men-Blue-Solid-Round-Neck-T-shirt-6251518519776582-3.jpg,6.0,3.0,9.0
20,11505734202676-Tommy-Hilfiger-Men-White-Solid-Henley-Neck-T-shirt-9971505734202612-3.jpg,6.0,0.0,9.0
21,11524731188381-NA-5801524731188249-3.jpg,0.0,3.0,9.0
22,11488800483268-Celio-Men-Blue-Self-design-V-Neck-T-Shirt-8671488800483041-2.jpg,5.0,3.0,
23,11494477514326-CAPTAIN-AMERICA-Men-Navy-Blue-Printed-Round-Neck-T-shirt-7791494477514138-2.jpg,,2.0,
24,de14a4f7-e2be-4e96-b87f-2163e64ad9521527485049102-Monte-Carlo-Men-Tshirts-7711527485047533-5.jpg,6.0,3.0,9.0
25,11525433734188-Roadster-Men-Tshirts-4131525433733991-4.jpg,6.0,2.0,9.0
26,11524211145222-Okane-Men-Tshirts-9551524211145139-5.jpg,6.0,3.0,9.0
27,11466242989381-SELECTED-Navy--White-Striped-Polo-T-shirt-2741466242989151-5.jpg,3.0,3.0,9.0
28,11522135682809-Peter-England-Casuals-Men-Tshirts-9661522135682671-3.jpg,6.0,3.0,9.0
29,11525766886157-Maniac-Men-Pack-of-2-Printed-Round-Neck-T-shirts-3731525766886074-6.jpg,6.0,2.0,9.0
30,11500466837384-Alcis-Men-Tshirts-4871500466837265-4.jpg,,3.0,9.0
31,2858338c-97f8-40cd-807e-5b8931ddf7271528787029394-SPYKAR-Men-Tshirts-3361528787027224-1.jpg,6.0,0.0,
32,1c54df17-9d05-4a9f-a071-5943a94f698e1526459135967-Moda-Rapido-Men-Black-Printed-Round-Neck-T-shirt-5991526459134982-3.jpg,6.0,,9.0
33,11524739529407-FRITZBERG-Men-Navy-Blue-Printed-Polo-Collar-T-shirt-4501524739529269-3.jpg,6.0,3.0,4.0
34,11517380191647-United-Colors-of-Benetton-Men-Black-Printed-Round-Neck-T-shirt-2341517380191590-4.jpg,,,9.0
35,85bae466-afa5-4ffc-836f-46116b1310c81527844108087-VIMAL-JONNEY-Men-Tshirts-5811527844107944-6.jpg,6.0,3.0,9.0
36,11517570674002-Wildcraft-Men-Tshirts-6811517570673934-4.jpg,6.0,3.0,
37,7152cb63-e69d-4c6f-8824-05957d9847de1535438019559-na-141535438019403-3.jpg,6.0,3.0,
38,11482394747513-ALCOTT-Men-Tshirts-461482394747242-1.jpg,6.0,3.0,
39,11495445973415-Kook-N-Keech-Marvel-Men-Blue-Printed-Round-Neck-T-shirt-8631495445973262-3.jpg,6.0,3.0,9.0
40,11514529764962-Aeropostale-Men-Burgundy-Striped-Hood-T-shirt-6761514529764945-5.jpg,1.0,3.0,9.0
41,a07b7b63-5757-420d-a4b0-7ad26e530abc1535437994407-na-7291535437994309-4.jpg,6.0,2.0,9.0
42,7416dbd6-41e1-43b7-a241-2fa473603aee1531388622535-Mufti-Off-White-Stripes-Tee-with-Full-sleeves-2361531388622331-1.jpg,6.0,3.0,9.0
43,11523944568638-na-9491523944568496-3.jpg,6.0,3.0,9.0
44,11524128127674-na-7341524128127593-5.jpg,6.0,3.0,9.0
45,11515654114598-Roadster-Men-Blue-Self-Design-Hood-T-shirt-2721515654114516-2.jpg,1.0,3.0,
46,11516267990150-Splash-Men-Green-Solid-Hood-T-shirt-5231516267990046-3.jpg,1.0,3.0,9.0
47,11491396504492-Wildcraft-Men-Tshirts-7341491396504343-3.jpg,3.0,1.0,
48,59c86472-0f70-4983-ba4e-32a7db07d1b21528538884355-Gmcks-Men-Tshirts-7181528538884163-5.jpg,6.0,3.0,9.0
49,2b9c40dd-b6e1-4ad6-8ef2-508bff72fbd01528971081283-rockit-Men-Red-Solid-Mandarin-Collar-T-shirt-4201528971081159-3.jpg,,3.0,9.0
50,11522150803842-Globus-Men-Blue-Solid-Mandarin-Collar-T-shirt-8231522150803689-4.jpg,2.0,3.0,9.0
51,32d9e193-18d1-4f77-90a3-b04b53a1ca771527137498073-HRX-by-Hrithik-Roshan-Men-Grey--Black-Colourblocked-Polo-Collar-T-shirt-5591527137495984-1.jpg,6.0,3.0,9.0
52,11514877855014-Kook-N-Keech-Men-White-Printed-Round-Neck-T-shirt-2151514877854941-5.jpg,4.0,3.0,9.0
53,11519294011460-Justice-League-Men-Tshirts-501519294011277-2.jpg,6.0,3.0,9.0
54,02a24430-13b6-4f21-86e6-3a16c99a89321526627245104-OVS-Men-Blue-Solid-Round-Neck-T-shirt-6921526627244944-5.jpg,,3.0,9.0
55,11516770810121-Splash-Men-Tshirts-7671516770810043-4.jpg,6.0,3.0,9.0
56,a89231ae-af21-43be-9a91-92f469d6c51b1529566485553-FIDO-DIDO-Men-Grey-Printed-Round-Neck-T-shirt-6471529566485417-4.jpg,6.0,1.0,9.0
57,a90294da-3719-4b37-b6da-f784b1b6d7a21531823349937-na-2401531823349721-2.jpg,,,8.0
58,deaa15e4-6dbd-4ecc-8c30-e012c1b0146b1535104199276-Moda-Rapido-Men-White--Black-Camouflage-Printed-Longline-T-s-2.jpg,6.0,3.0,9.0
59,c2b357e0-8934-40e6-9403-f997d2f00e3c1529039720571-OVS-Men-White-Printed-Round-Neck-T-shirt-8681529039720381-2.jpg,6.0,,9.0
60,11517316744903-Mast--Harbour-Men-Mustard-Solid-Round-Neck-T-shirt-9131517316744787-2.jpg,6.0,2.0,9.0
61,11505729823912-SPYKAR-Men-Tshirts-441505729823719-3.jpg,6.0,3.0,9.0
62,3988a627-2d07-4406-9164-0f66f3751b7d1533810315662-na-9391533810315459-2.jpg,1.0,,
63,1c6014e7-f765-4755-a7a5-ecb20e158f5c1525860857207-Cottonworld-Men-Blue-Solid-Polo-Collar-T-shirt-3941525860857043-1.jpg,,3.0,6.0
64,d5b6b7d7-49fe-4924-8777-0716784574a21534754298287-Harvard-Men-Tshirts-1141534754296785-6.jpg,0.0,,9.0
65,11457524664379-Fort-Collins-Maroon-Woven-Design-Polo-T-shirt-1761457524664231-6.jpg,2.0,3.0,9.0
66,11492759380985-FOREVER-21-Men-Tshirts-4861492759380793-2.jpg,,3.0,0.0
67,11509711703148-Kook-N-Keech-Disney-Men-Navy-Blue-Printed-Round-Neck-T-shirt-1901509711702905-1.jpg,6.0,3.0,9.0
68,11508144912257-FOREVER-21-Men-Off-White-Self-Design-Hood-T-shirt-4611508144912069-4.jpg,,3.0,9.0
69,f4ffe3d7-e6f9-40af-99ba-de960c47b9a71530872062882-Skult-Mens-Dark-Grey-T-shirts-211530872061604-4.jpg,6.0,3.0,
70,11510059033434-Roadster-Men-Brown-Solid-Round-Neck-T-shirt-5141510059033288-3.jpg,6.0,3.0,9.0
71,11506586365426-Kook-N-Keech-Men-Black-Checked-Round-Neck-T-shirt-1071506586365199-1.jpg,6.0,,1.0
72,8cfa16da-0f37-4f81-b37e-f3cfe78057cb1534498411899-Columbia-Men-Blue-Sun-Ridge-Striped-Polo-Collar-Outdoor-T-sh-3.jpg,3.0,3.0,9.0
73,11517483084031-Lee-Cooper-Men-Tshirts-101517483083908-2.jpg,1.0,3.0,9.0
74,11501828081489-Slub-Men-Navy-Blue-Solid-Polo-Collar-T-shirt-9421501828081280-1.jpg,3.0,3.0,9.0
75,20180cf5-75ef-434d-9a0c-591afacb2eab1536230166452-Being-Human-Men-Red-Printed-Round-Neck-T-shirt-4651536230164-4.jpg,,3.0,9.0
76,11520505906619-ether-Men-Mustard-Printed-Round-Neck-T-shirt-6011520505906497-5.jpg,6.0,3.0,9.0
77,11459245395381-Roadster-Charcoal-Grey-Sleeveless-T-shirt-6871459245394668-1.jpg,6.0,,9.0
78,8cc4b3b6-07b3-4515-b189-19b18ed2fcc51535180365196-2GO-Men-Grey-Solid-Round-Neck-T-shirt-5171535180363830-3.jpg,,2.0,9.0
79,Jack--Jones-White--Green-Printed-Polo-T-shirt_2_6dd043e9bb8a18dd165c44bb0d7e0b55.jpg,6.0,3.0,
80,11523954030606-Kook-N-Keech-Disney-Men-Grey-Melange-Printed-Round-Neck-T-shirt-9091523954030451-3.jpg,6.0,3.0,
81,11518849297613-na-7601518849297413-1.jpg,6.0,2.0,9.0
82,b98a22cd-11aa-4aee-85dd-74ce3ee8617e1537273866564-GAP-Mens-Navy-Blue-Essential-Short-Sleeve-V-Neck-T-Shirt-in-Spacedye-1561537273866338-1.jpg,6.0,,5.0
83,aa874ab2-6530-4bf6-88ce-d88f1868f11b1528884570674-Harvard-Men-Navy-Blue-Striped-Round-Neck-T-shirt-89515288845-3.jpg,6.0,1.0,9.0
84,7382550e-1bf0-4b81-a8f8-fcd95e805da81527317993164-ALTOMODA-by-Pantaloons-Men-Tshirts-2801527317992130-5.jpg,6.0,3.0,9.0
85,1f2a56b3-04e1-437d-9e37-9a3b0e0d50741535532159076-BONATY-Cotton-Blend-Maroon-Solid-Half-Sleeves-T-shirt-For-Men-1781535532158925-3.jpg,6.0,1.0,9.0
86,11522478740291-Solly-Sport-Men-Fluorescent-Green-Solid-Round-Neck-T-shirt-4631522478740232-5.jpg,,2.0,
87,2817e4c5-285b-4e43-85f0-d79183018ada1528177151479-French-Connection-Men-Tshirts-8661528177149723-2.jpg,4.0,,
88,11461321557783-Fox-Navy-Striped-T-shirt-6811461321557485-3.jpg,6.0,3.0,9.0
89,11509624683165-Raymond-Men-Blue-Checked-Polo-Collar-T-shirt-7451509624682971-2.jpg,6.0,3.0,1.0
90,11519214823104-HERENOW-Men-White-Striped-Round-Neck-T-shirt-8361519214823011-2.jpg,6.0,,9.0
91,3398a908-2139-45b7-b165-7d7fb9470f4c1528453102523-YWC-Men-Black-Self-Design-Round-Neck-T-shirt-362152845310107-1.jpg,6.0,3.0,9.0
92,11488953124110-ether-Men-Beige-Solid-Polo-Collar-T-Shirt-6821488953123882-1.jpg,,,9.0
93,3923c8ee-e1ff-4a02-927a-2b26a37940d81528374582084-Dream-of-Glory-Inc-Mens-Branded-Half-Sleeve-Cotton-Printed-V-Neck-T-shirts-XS-9XL-Pack-of-1-4941528374581923-2.jpg,5.0,3.0,9.0
94,11512370413638-Parx-Men-Blue-Striped-Polo-Collar-T-shirt-7021512370413555-4.jpg,6.0,0.0,9.0
95,11507721220007-Roadster-Men-Black-Printed-Round-Neck-T-shirt-1391507721219780-1.jpg,4.0,3.0,
96,44fb07f0-929c-4773-beb1-bfe44122cdae1536917501104-United-Colors-of-Benetton-Men-Blue-Printed-Round-Neck-T-shirt-9651536917501040-2.jpg,6.0,3.0,9.0
97,162dbc4b-8ef9-4ed0-96f4-6e7ffa94bc021535624503051-Louis-Philippe-Sport-Men-Purple-Striped-Polo-Collar-T-shirt--3.jpg,6.0,,7.0
98,11518861916784-Indian-Terrain-Men-Tshirts-2101518861916620-1.jpg,3.0,3.0,
99,11517478951170-na-7731517478951043-4.jpg,6.0,2.0,9.0
100,11521455301212-RustBlack-Full-Sleeves-Back-Print-Hooded-T-Shirt-7861521455301083-4.jpg,1.0,3.0,9.0
101,11493207894171-Flying-Machine-Black-Printed-T-shirt-7471493207893893-1.jpg,,3.0,9.0
102,11522840333846-WROGN-Men-Blue-Solid-Round-Neck-T-shirt-3911522840333776-5.jpg,,,9.0
103,11524730996222-NA-6731524730996140-4.jpg,6.0,3.0,5.0
104,11514874380482-Force-NXT-Men-Red-Striped-Round-Neck-T-shirt-8171514874380264-1.jpg,6.0,,7.0
105,11493709770159-Tommy-Hilfiger-Men-Navy-Blue-Solid-Henley-Neck-T-shirt-6271493709769991-4.jpg,6.0,0.0,9.0
106,01a05ca1-4745-4ee0-966b-fa5d8c34ae9c1527940268826-Campus-Sutra-Printed-Men-V-neck-Blue-T-Shirt-141152794026782-5.jpg,6.0,,9.0
107,11524740596253-ERA-OF-ATTITUDE-Men-Charcoal-Printed-Round-Neck-T-shirt-4371524740596103-3.jpg,6.0,3.0,
108,fe13a0a6-d502-4fe1-835a-d768794a0d801536757481366-Roadster-Men-Black-Striped-Henley-T-shirt-6011536757481118-2.jpg,0.0,3.0,9.0
109,11525354300231-Basics-Men-Grey-Self-Design-Round-Neck-T-shirt-4511525354300027-4.jpg,6.0,3.0,9.0
110,11510146644883-Wear-Your-Mind-Multicoloured-Polyester-Vest-For-Men-6451510146644809-5.jpg,6.0,,9.0
111,a9601cfc-4025-41a9-8706-062c65123b7a1531808608253-Pokemon-By-Free-Authority-Mens--T-shirt-671531808608098-5.jpg,6.0,1.0,9.0
112,11517983201690-Design-Classics-Men-Tshirts-6841517983201567-3.jpg,6.0,1.0,9.0
113,11522666304065-SayItLoud-Solid-Men-Hooded-Tshirt-2221522666303874-2.jpg,6.0,3.0,9.0
114,11515146532746-m-8171515146532643-2.jpg,,1.0,9.0
115,54a80615-9745-40ff-bb6d-bc6aaa5f421b1527144425580-Hypernation-Men-Olive-Green-Colourblocked-Round-Neck-T-shirt-911527144425422-3.jpg,6.0,,9.0
116,bda2bacb-1b09-4add-96e1-7d1bd4e5c6f91533015512851-Roadster-Men-Green-Solid-V-Neck-T-shirt-2371533015511634-2.jpg,6.0,0.0,
117,11490614380591-Being-Human-Men-Blue-Self-design-Round-Neck-T-Shirt-6831490614380288-2.jpg,,3.0,9.0
118,56659f54-8267-438b-9db2-e1f9a01526691529485186631-Foreign-Culture-Men-Pack-of-2-Solid-T-shirts-4831529485186464-3.jpg,6.0,3.0,9.0
119,3619ad32-8bb7-4087-9fbc-21963aea88031537165952894-NA-7081537165952769-4.jpg,6.0,3.0,9.0
120,11521808917032-Admiral-Men-Blue-Solid-Mandarin-Collar-T-shirt-3161521808916897-3.jpg,,3.0,
121,bf79d76e-75c7-4765-b59c-78a03461ee161528377623448-Dream-of-Glory-Inc-Mens-Branded-Half-Sleeve-Cotton-Printed-Crew-Neck-T-shirts-XS-9XL-Pack-of-1-301528377623322-3.jpg,6.0,3.0,9.0
122,11497676707371-INDICODE-Men-Tshirts-5491497676707142-4.jpg,6.0,3.0,9.0
123,11518761512780-Justice-League-Men-Tshirts-8181518761512617-3.jpg,6.0,3.0,9.0
124,cd820986-3e39-46e8-aa91-2902780361ce1530874751513-NA-8771530874751337-2.jpg,6.0,3.0,9.0
125,11522145384907-Roadster-Men-Tshirts-3551522145384750-3.jpg,6.0,,3.0
126,3c151cc9-aecf-4191-ad1c-4a1a9e39b7901534758863281-WROGN-Men-Blue--Green-Colourblocked-Polo-T-shirt-87915347588-1.jpg,,1.0,
127,11520843276499-HERENOW-Men-Teal-Solid-Henley-Neck-T-shirt-3951520843276419-2.jpg,,3.0,
128,9334803d-89f7-4599-918f-e6baae980efb1527762342497-Mast--Harbour-Men-Tshirts-3781527762342268-1.jpg,0.0,3.0,9.0
129,b20972fd-9ff2-4354-b6aa-a27865b932401536216611788-HRX-by-Hrithik-Roshan-Men-Tshirts-2291536216610147-1.jpg,6.0,2.0,9.0
130,11489566048379-Parx-Men-Navy-Blue-Solid-Henley-Neck-T-Shirt-8261489566048132-2.jpg,0.0,3.0,
131,11518170190779-Superdry-Men-Black-Printed-Polo-Collar-T-shirt-5991518170190585-2.jpg,6.0,,4.0
132,b55834a7-e160-4dde-a6fc-78b64964baa21537271003896-Nike-Men-White-Printed-DRI-FIT-THFC-M-NK-BRT-STAD-JSY-SS-HM--1.jpg,6.0,3.0,9.0
133,11522300475213-Kook-N-Keech-Disney-Men-Tshirts-461522300475113-3.jpg,6.0,3.0,
134,6c64f530-9c58-4405-b94e-6ec0bb2723131527328108472-na-8761527328108237-1.jpg,6.0,3.0,9.0
135,11516770810185-Splash-Men-Tshirts-7671516770810043-1.jpg,6.0,3.0,9.0
136,11522217573035-Bossini-Men-Tshirts-8581522217572922-3.jpg,,,9.0
137,11525770940499-na-9741525770940351-4.jpg,5.0,3.0,
138,11510738193693-Kook-N-Keech-Men-Tshirts-3901510738193574-2.jpg,6.0,3.0,9.0
139,11511935377306-Teesort-Men-Blue-Solid-Polo-Collar-T-shirt-4841511935377137-3.jpg,3.0,3.0,
140,df8d9e62-aaca-4928-9240-a37dfd83f3de1535099149285-Moda-Rapido-Men-Black-Printed-Longline-T-shirt-7261535099147-3.jpg,6.0,3.0,9.0
141,11520932397514-True-Blue-Men-Red-Self-Design-Polo-Collar-T-shirt-7571520932397434-5.jpg,6.0,,9.0
142,11509183010038-Pirates-of-the-Caribbean-Blue-Cotton-Polyester-T-Shirt-For-Men-6641509183009794-1.jpg,6.0,3.0,
143,11520674097185-Pirates-of-the-Caribbean-Navy-Vest-For-Men-7441520674097102-5.jpg,6.0,2.0,
144,11525850601874-Roadster-Men-Blue-Colourblocked-Round-Neck-T-shirt-3871525850601663-4.jpg,6.0,3.0,9.0
145,11525766886221-Maniac-Men-Pack-of-2-Printed-Round-Neck-T-shirts-3731525766886074-3.jpg,6.0,2.0,9.0
146,5aa6a823-3aa3-4eba-bbbb-9f07754d7a4c1526364353074-na-2031526364352962-4.jpg,6.0,3.0,0.0
147,11501743343151-Park-Avenue-Men-Tshirts-7451501743343619-5.jpg,,3.0,
148,11519450188712-SF-JEANS-by-Pantaloons-Men-Black-Printed-Round-Neck-T-shirt-2351519450188425-2.jpg,6.0,3.0,9.0
149,11523341865095-FOREVER-21-Men-Tshirts-941523341865036-4.jpg,3.0,3.0,9.0
150,373362bc-4e91-47e7-85ed-df1c17380e921534742708882-na-2231534742708720-4.jpg,6.0,,4.0
151,0783363a-145e-409c-a526-3f5f53fc8e921534420045481-Columbia-Men-Assorted-Titan-Trail-Round-Neck-T-shirt-8001534-3.jpg,4.0,,9.0
152,11494242925268-Crocodile-Men-Tshirts-891494242924935-3.jpg,0.0,3.0,
153,ff5861e9-74e4-4b86-ac35-83d8080b43a01532510744732-Crocodile-Men-Tshirts-2851532510744419-4.jpg,,,
154,11525354292830-Basics-Men-Brown-Striped-Polo-Collar-T-shirt-7761525354292733-4.jpg,6.0,3.0,9.0
155,42b1822b-393a-4ace-80e8-25dc46a0ec201526981179268-Cloak--Decker-by-Monte-Carlo-Men-Pack-of-2-Solid-T-shirts-7771526981179134-4.jpg,6.0,1.0,9.0
156,6bbcc423-b02b-4a02-b3a0-f39059fa69dd1527827436029-Okane-Men-Tshirts-7241527827435884-3.jpg,6.0,,9.0
157,11493718611953-Wrangler-Men-Orange-Solid-Round-Neck-T-shirt-2651493718611837-4.jpg,6.0,,6.0
158,e07061eb-86b4-4888-af90-5f1f4d02f6501526376527520-nA-7771526376527417-5.jpg,6.0,2.0,9.0
159,11523520490130-nA-4531523520490054-5.jpg,,3.0,7.0
160,11507529710142-FOREVER-21-Men-Tshirts-1011507529710012-2.jpg,6.0,,9.0
161,11507712151179-Aeropostale-Men-Tshirts-4501507712150988-2.jpg,3.0,3.0,9.0
162,11502691617692-Moda-Rapido-Men-Grey-Melange-Printed-Round-Neck-T-shirt-1231502691617745-1.jpg,,2.0,9.0
163,11520056826113-Lee-Cooper-Men-Yellow-Printed-Round-Neck-T-shirt-3441520056825920-1.jpg,6.0,3.0,3.0
164,db94f0f7-efe2-4b73-bedc-ddcddce3eb421533637893491-Crimsoune-Club-White-Print-Slim-Fit-Casual-Tshirt-6171533637893282-1.jpg,3.0,,9.0
165,11524644785319-Crocodile-Men-Tshirts-4601524644785215-6.jpg,,1.0,9.0
166,11495782729779-Roadster-Men-Black-Printed-V-Neck-T-shirt-3231495782729536-2.jpg,5.0,3.0,9.0
167,60394204-6a50-440a-8f53-b03c7da58f781532686493908-Roadster-Men-Tshirts-3631532686493752-3.jpg,3.0,3.0,9.0
168,11505285365720-FOREVER-21-Men-Tshirts-321505285365523-1.jpg,,3.0,8.0
169,11511345676010-FOREVER-21-Men-Tshirts-3461511345675896-3.jpg,6.0,3.0,9.0
170,11507806834242-WROGN-Men-Off-White-Striped-Round-Neck-T-shirt-1831507806834092-2.jpg,6.0,1.0,
171,11524216526954-Okane-Men-Black--White-Striped-Stand-Collar-T-shirt-8901524216526718-4.jpg,,3.0,
172,3ff47225-3803-4a74-888e-bf7baf2294a91526031036749-Roadster-Men-Charcoal-Solid-Polo-Collar-T-shirt-3731526031036668-5.jpg,6.0,0.0,9.0
173,75731682-426b-433f-a5cd-44d3d58f9b8c1535537888390-HERENOW-Men-Navy-Blue-Striped-Round-Neck-T-shirt-4701535537888200-1.jpg,6.0,1.0,9.0
174,b70fe3ea-a79d-4344-9a3a-c1d5ac4101901536560257576-Flying-Machine-Men-Red-Solid-Polo-Collar-T-shirt-28215365602-6.jpg,3.0,3.0,9.0
175,11524482802366-Proline-Active-Men-Grey-Solid-Round-Neck-T-shirt-3841524482802208-4.jpg,6.0,2.0,9.0
176,11469516423098-MR-BUTTON-Yellow-Structured-Fit-Henley-T-Shirt-5191469516421144-3.jpg,6.0,3.0,9.0
177,11512553230505-BASICS-CASUAL-STRIPED-NAVY-100-COTTON-MUSCLE-TSHIRT-8231512553230418-5.jpg,,3.0,9.0
178,11508310327354-FOREVER-21-Men-Tshirts-3061508310327210-2.jpg,6.0,2.0,9.0
179,11491993908050-B-SPORTS-Men-Black-Printed-Round-Neck-T-shirt-6791491993907819-2.jpg,,3.0,9.0
180,11515759552854-Nike-Men-Charcoal-Printed-V-Neck-T-shirt-4781515759552831-2.jpg,6.0,3.0,9.0
181,23ca68ec-9e90-4cf9-bec7-9599cc8848691530780937336-French-Connection-Men-Tshirts-5471530780937278-5.jpg,6.0,3.0,3.0
182,11522734858859-HRX-by-Hrithik-Roshan-Men-Tshirts-6541522734858718-1.jpg,6.0,3.0,9.0
183,ff7690bb-4770-4d38-b182-dc5f00a423c41525857027126-Roadster-Men-Maroon-Solid-Polo-Collar-T-shirt-8731525857027012-4.jpg,6.0,1.0,9.0
184,46240262-2c28-46ef-a747-c0d6ad6edcb21527591183270-Van-Heusen-Men-White-Checked-Polo-Collar-T-shirt-3741527591183111-3.jpg,3.0,3.0,
185,ee808a6b-0295-45d8-90ed-470a96acd27f1528202642169-Raglan-Military-Sleeves-Full-Sleeves-Round-Neck-4131528202641950-1.jpg,6.0,3.0,
186,11523438419449-John-Players-Men-Tshirts-1701523438419371-4.jpg,3.0,3.0,9.0
187,11513575872785-SayItLoud-Solid-Men-Round-Neck-Blue--Grey-Lounge-T-Shirt-1691513575872693-4.jpg,6.0,0.0,9.0
188,11524740071702-Leo-Sansini-Men-Burgundy-Printed-Round-Neck-T-shirt-551524740071501-2.jpg,,3.0,9.0
189,11496999173745-Aeropostale-Men-White-Printed-Round-Neck-T-shirt-6511496999173640-5.jpg,6.0,3.0,9.0
190,11521634281972-GESPO-Men-White-Printed-Round-Neck-T-shirt-4241521634281853-5.jpg,6.0,1.0,
191,11524200953757-Blackberrys-Men-Tshirts-1541524200953602-1.jpg,6.0,3.0,
192,11509950971303-Half-Sleeve-T-Shirt-with-Henly-Neck-and-Solid-Colour-6371509950971157-4.jpg,6.0,,6.0
193,05e128a9-239d-470e-87c1-c6f98922590f1532323460327-Tantra-Men-Tshirts-7441532323460093-2.jpg,6.0,3.0,
194,b978654d-7d86-4d50-a625-94c547cb5ce71530872076405-Skult-Mens-Greyanthra-T-shirts-2311530872075257-5.jpg,6.0,0.0,9.0
195,11505719482441-Status-Quo-Men-Coral-Solid-V-Neck-T-shirt-8741505719482283-3.jpg,,3.0,9.0
196,11489464441242-US-Polo-Assn-Men-Navy-Striped-Polo-T-shirt-8371489464440905-1.jpg,3.0,3.0,9.0
197,11513582631872-Reebok-Men-Olive-Green-Printed-Round-Neck-T-shirt-9921513582631874-5.jpg,,,9.0
198,11489464570559-United-Colors-of-Benetton-Men-Maroon--Blue-Striped-Polo-Collar-T-Shirt-7381489464570302-3.jpg,6.0,3.0,9.0
199,11501479520632-Roadster-Men-Grey-Printed-Round-Neck-T-shirt-2851501479520367-3.jpg,4.0,3.0,9.0
200,57b8b756-e7ff-4ed6-9b6e-38e7d58705c51532067375488-nna-5221532067375394-5.jpg,2.0,3.0,
201,11519987611792-Spiritus-by-pantaloons-Men-Green-Striped-Polo-Collar-T-shirt-4081519987611624-3.jpg,6.0,3.0,9.0
202,11518854922727-Peter-England-Men-Blue-Solid-Mandarin-Collar-T-shirt-9291518854922691-5.jpg,2.0,3.0,9.0
203,1e33cfef-e9e0-499d-acf9-5a7c500af52e1533884970415-Roadster-Men-Shirts-211533884970265-2.jpg,1.0,3.0,
204,11507630787121-French-Connection-Men-Red-Solid-Polo-Collar-T-shirt-8111507630786879-1.jpg,6.0,,6.0
205,11495800741645-INVICTUS-Men-Navy-Blue-Printed-Polo-Collar-T-shirt-7641495800741513-5.jpg,,3.0,4.0
206,2e19346d-61f0-476e-8c48-0b650eb1fbd51535095761473-WROGN-Men-Blue-Striped-Henley-Neck-T-shirt-121535095759350-3.jpg,0.0,,9.0
207,11524554881241-na-1991524554881057-1.jpg,5.0,3.0,9.0
208,2825a937-a099-4f01-8c28-b0771fe0b66f1525936666635-Moda-Rapido-Back-To-Basics-Charcoal--Maroon-Raglan-Tshirt-8141525936666548-5.jpg,6.0,3.0,9.0
209,0b8d19b1-fa6f-48a1-b86c-6bdaedefc94b1528884170088-Tommy-Hilfiger-Men-Navy-Printed-Polo-Collar-T-shirt-75915288-1.jpg,,3.0,2.0
210,11488951882245-United-Colors-of-Benetton-Men-Navy-Blue-Checked-Polo-Collar-T-Shirt-4121488951882048-1.jpg,6.0,3.0,
211,11474959094436-HRX-by-Hrithik-Roshan-Men-Grey-Solid-Round-Neck-T-Shirt-9981474959094180-2.jpg,6.0,3.0,9.0
212,11523864944562-Teesort-Mens-Cotton-Half-Sleeve-T-shirt-4501523864944440-3.jpg,2.0,3.0,9.0
213,48c7f2e6-815f-404c-b785-579efb0400f51527919663082-Club-York-mens-half-sleeve-hoodi-t-shirt-has-chest-print-3431527919662954-4.jpg,1.0,3.0,
214,11520225578926-Mast--Harbour-Men-Navy-Typography-Printed-T-shirt-7671520225578657-1.jpg,4.0,3.0,9.0
215,11516602290017-Moda-Rapido-Men-Tshirts-9491516602289933-3.jpg,6.0,,1.0
216,0fe12e63-c0c9-4bf9-9aa4-a6bd0deb6d941527575796853-a-8551527575796745-5.jpg,6.0,3.0,9.0
217,3c5c634a-583a-40b8-9cb7-8c31bdf889551527246644592-HERENOW-Men-White--Maroon-Striped-Round-Neck-T-shirt-1381527246644447-3.jpg,6.0,0.0,9.0
218,11456898621532-Rigo-Brown-Slim-Fit-T-shirt-9531456898621236-1.jpg,,0.0,9.0
219,f0cf7285-66d0-4030-8a23-921390e508ed1535191339505-United-Colors-of-Benetton-Men-White-Solid-Polo-Collar-T-shirt-6761535191339416-3.jpg,6.0,,
220,11505363876117-Puma-Men-Blue-Printed-Round-Neck-T-shirt-9741505363875937-2.jpg,6.0,,3.0
221,f9f26462-a7f5-4172-99fd-b7a471d2b39d1527592744353-na-8891527592744127-1.jpg,6.0,3.0,2.0
222,11515748321940-Mast--Harbour-Men-Navy-Blue-Solid-Round-Neck-T-shirt-5531515748321901-4.jpg,5.0,0.0,9.0
223,11488795032336-Celio-Men-Black-Solid-Henley-Neck-T-Shirt-8241488795032117-1.jpg,0.0,3.0,9.0
224,11495445973456-Kook-N-Keech-Marvel-Men-Blue-Printed-Round-Neck-T-shirt-8631495445973262-1.jpg,6.0,3.0,9.0
225,11506596876272-Mast--Harbour-Men-Red-Checked-Round-Neck-T-shirt-2731506596875957-2.jpg,6.0,3.0,1.0
226,7391dc77-a1bc-442e-9a6d-2c60a0da94431537359868539-Roadster-Men-Grey-Melange--White-Colourblocked-Round-Neck-T-shirt-1741537359868399-3.jpg,6.0,,
227,dff0b322-e2c8-486b-a125-79f214a206ce1530782101398-na-1931530782099755-1.jpg,,3.0,9.0
228,11522475314132-sOliver-Men-Tshirts-6081522475314045-3.jpg,,,6.0
229,Flying-Machine-Men-Blue-Polo-T-shirt_a4eed04168032566851d86e5d26712eb_images.jpg,3.0,3.0,9.0
230,1cb646dd-dbcc-40be-bc83-0f964a09889b1530774533104-Chill-Winston-Solid-Men-Round-Neck-Blue-T-Shirt-7041530774532952-2.jpg,6.0,,9.0
231,11519042974694-Celio-Men-Tshirts-8071519042974504-1.jpg,,0.0,9.0
232,11518091332857-Roadster-Men-Blue-Colourblocked-Round-Neck-T-shirt-8971518091332661-2.jpg,6.0,3.0,9.0
233,11474094622278-United-Colors-of-Benetton-Men-Fluorescent-Green-Solid-Mandarin-collar-T-Shirt-5951474094622169-5.jpg,,3.0,
234,11516605032578-Wear-Your-Mind-Men-Multicoloured-Printed-Round-Neck-T-shirt-761516605032487-3.jpg,6.0,,9.0
235,3711d80d-26cd-414e-8c3c-6ffd867b054c1537447981716-Sztori-Men-Navy-Blue-Striped-Henley-Neck-T-shirt-24815374479-1.jpg,0.0,3.0,9.0
236,47702b59-da5b-44f0-b9f0-72b7a4b520671527504323824-United-Colors-of-Benetton-Men-Grey-Striped-V-Neck-T-shirt-6771527504322493-2.jpg,6.0,3.0,7.0
237,11499940328711-INVICTUS-Men-Navy-Blue-Printed-Polo-Collar-T-shirt-9101499940328565-2.jpg,3.0,3.0,9.0
238,11522729475902-Polo-Ralph-Lauren-The-Iconic-Rugby-Shirt-5761522729475781-1.jpg,3.0,3.0,9.0
239,f7fe2fd0-bca7-4f1e-b0d8-3cc9385557531534831632741-NA-6341534831632604-3.jpg,6.0,3.0,2.0
240,11518588911908-na-341518588911739-2.jpg,0.0,3.0,9.0
241,0f5420c5-5ea0-4137-83fe-c7ae942722811535100669945-Roadster-Men-Tshirts-3481535100669744-2.jpg,6.0,3.0,9.0
242,f574d102-07cf-487c-82c9-c9068ff337051527144352578-Hypernation-Men-Black-Striped-Round-Neck-T-shirt-7881527144352444-3.jpg,6.0,,9.0
243,242f0bc2-70a4-4150-abf7-b6c90b543c811537267422891-GAP-Mens-Multicolor-Stripe-Polo-T-Shirt-6691537267421759-5.jpg,6.0,1.0,9.0
244,32cba825-9836-4aed-b93f-61e3a9aa64911527242004048-na-6481527242003874-2.jpg,6.0,3.0,9.0
245,96924539-3b28-4b19-97e5-08c65c8207021535007613201-na-171535007613023-3.jpg,6.0,2.0,9.0
246,11520586501234-Campus-Sutra-Men-Charcoal-Solid-Mandarin-Collar-T-shirt-1001520586501070-3.jpg,1.0,3.0,9.0
247,11523606403888-Maniac-Mens-Full-Sleeve-Pack-of-2-Cotton-Tshirts-8781523606403701-6.jpg,5.0,3.0,
248,8d0151ed-de49-44d7-bec7-83a07ed495f01535013031896-Bossini-Men-Olive-Green-Solid-Hood-T-shirt-1431535013030900-4.jpg,1.0,3.0,9.0
249,11503294461485-Jn-Joy-Men-Tshirts-8611503294461372-5.jpg,6.0,,9.0
250,11510295611729-Wills-Lifestyle-Men-Tshirts-6421510295611608-5.jpg,6.0,3.0,4.0
251,11515141432035-na-8071515141431932-4.jpg,6.0,3.0,9.0
252,11519884294469-People-Men-White-Printed-Hood-T-shirt-9141519884294326-3.jpg,6.0,3.0,9.0
253,11509957007094-United-Colors-of-Benetton-Men-Tshirts-1831509957006965-4.jpg,3.0,3.0,9.0
254,11517209859946-Jockey-Men-Blue-Solid-V-Neck-T-shirt-7861517209859786-1.jpg,5.0,3.0,9.0
255,6ee4118e-a0c7-4738-8dcc-84df4b32f6771533720395820-Moda-Rapido-Men-Grey-Melange-Printed-Round-Neck-T-shirt-4341-1.jpg,,,9.0
256,11518515070799-HERENOW-Men-Navy-Blue-Striped-Round-Neck-T-shirt-731518515070714-3.jpg,6.0,0.0,9.0
257,11505295745935-FOREVER-21-Men-Black-Solid-Round-Neck-T-shirt-6371505295745756-3.jpg,6.0,2.0,9.0
258,5a433ac2-5b2b-4b42-8728-c32f69f04d481526446254540-Mr-Bowerbird-Men-Olive-Green-Printed-Polo-Collar-T-shirt-1741526446253752-6.jpg,6.0,3.0,9.0
259,fb07fbed-76fe-41ac-8e98-214cad3d670b1527578086876-na-6851527578085272-3.jpg,3.0,3.0,9.0
260,3a987828-02c2-4333-bfba-0ef1d37d3dd71535443652202-Adidas-M-ZNE-TEE-Men-571535443652022-3.jpg,6.0,1.0,
261,211cabbc-8b91-4e11-8309-91c98aada3f21527327415662-NA-9911527327415481-1.jpg,,3.0,3.0
262,3f2fae42-d9ae-4701-aec3-1f415789efaf1528182394120-ether-Men-Tshirts-9961528182391879-3.jpg,5.0,3.0,9.0
263,11521193155883-Blackberrys-Men-Tshirts-5941521193155743-4.jpg,,3.0,1.0
264,11510738183146-Kook-N-Keech-Star-Wars-Men-Tshirts-1801510738182986-3.jpg,6.0,3.0,9.0
265,61ad0961-a94e-428e-af63-e2376f43ec741532690644185-Roadster-Men-Tshirts-71532690643144-2.jpg,,,
266,11519390577347-Spiritus-by-pantaloons-Men-White-Solid-Mandarin-Collar-T-shirt-6761519390577181-4.jpg,2.0,3.0,9.0
267,b4682707-9b84-4af7-8838-0af66b3dd3241530776730619-French-Connection-Men-Tshirts-4881530776730486-3.jpg,6.0,3.0,9.0
268,11490013224601-Moda-Rapido-Men-Grey-Striped-Round-Neck-T-Shirt-9791490013223829-2.jpg,6.0,1.0,9.0
269,11517207251090-Blackberrys-Men-Tshirts-6921517207250983-1.jpg,2.0,3.0,9.0
270,11522921885720-Moda-Rapido-Men-Tshirts-4861522921885601-2.jpg,,3.0,9.0
271,11483007751246-HIGHLANDER-Men-Black-Colour-Blocked-Round-Neck-T-Shirt-2641483007751037-4.jpg,,0.0,9.0
272,59172a77-5ad2-458e-9b48-d6d98db7737f1532944325536-FOREVER-21-Men-Off-White-Solid-Round-Neck-T-shirt-4361532944-1.jpg,6.0,3.0,6.0
273,11504934934824-People-Men-White-Striped-Henley-Neck-T-shirt-3821504934934710-5.jpg,0.0,,9.0
274,11508218884253-FOREVER-21-Men-Tshirts-2391508218884089-2.jpg,6.0,,
275,11505295751466-FOREVER-21-Men-White-Self-Design-Hood-T-shirt-2641505295751246-3.jpg,,3.0,9.0
276,674aecce-6de9-41f9-bb63-81d279f3892b1534754298314-Harvard-Men-Tshirts-1141534754296785-5.jpg,0.0,3.0,9.0
277,11507808050706-rockit-Men-Tshirts-1831507808050540-3.jpg,6.0,2.0,9.0
278,11478248271002-The-Souled-Store-Unisex-Tshirts-1911478248270687-3.jpg,6.0,3.0,9.0
279,b7602298-6916-42d1-babd-a2700f8aaae91528274739010-Moda-Rapido-Men-Grey-Melange-Solid-Round-Neck-T-shirt-545152-1.jpg,6.0,,9.0
280,11521534198306-ether-Men-White-Solid-Round-Neck-T-shirt-91521534198187-3.jpg,6.0,0.0,9.0
281,11473332345533-Hypernation-Men-Brown-Colour-Blocked-Polo-Collar-T-Shirt-201473332345443-5.jpg,6.0,3.0,9.0
282,0a00339e-c591-4ab6-9abb-cece92e6802f1526902532791-ERA-OF-ATTITUDE-Men-Grey-Printed-V-Neck-T-shirt-1661526902532602-3.jpg,5.0,3.0,9.0
283,11500367175387-Campus-Sutra-Men-Blue-Solid-Henley-Neck-T-shirt-3401500367175166-5.jpg,6.0,1.0,9.0
284,b19a3f6c-455a-4a31-bb0b-e2d38e43e31e1530874369833-Skult-Mens-White-T-shirts-7531530874368836-4.jpg,0.0,3.0,
285,11522050778251-Mast--Harbour-Men-Tshirts-9601522050778086-1.jpg,6.0,1.0,9.0
286,11516358782940-Adidas-Originals-Men-Green-TREFOIL-Brand-Print-Round-Neck-T-shirt-8311516358782858-3.jpg,6.0,1.0,9.0
287,Campus-Sutra-Men-Tshirts_2_70b6339ddd228f9eb048fcd53919572a.jpg,6.0,0.0,9.0
288,11491287754144-GRITSTONES-Men-Tshirts-4421491287754006-5.jpg,6.0,2.0,9.0
289,f8c23da6-21ff-4818-affc-9157d06b5ce91535707309464-Peter-England-Casuals-Men-Tshirts-6181535707309353-5.jpg,,3.0,9.0
290,f2dcde44-45f1-4048-b263-a99e5eae3ec21528288758683-Roadster-Men-Blue-Striped-Mandarin-Collar-T-shirt-5881528288758596-4.jpg,6.0,0.0,9.0
291,b84fa884-ce32-4e81-ac8d-cf8d22e12b391531894170906-Ajile-by-Pantaloons-Mens-T-shirt-1911531894170815-5.jpg,1.0,3.0,9.0
292,11523001185834-Masch-Sports-Mens-Polyester-Printed--Colourblocked-T-Shirts---Pack-of-2-8971523001185724-4.jpg,6.0,2.0,9.0
293,bdfd5d1c-bd13-485b-b5c2-0ea83993d0cf1525928707474-Sweet-Dreams-Men-Charcoal-Grey-Printed-Round-Neck-Lounge-T-shirt-MT-182418COM-2651525928707346-5.jpg,,3.0,9.0
294,11485170180814-Columbia-Black-T-shirt-171485170181219-1.jpg,6.0,1.0,9.0
295,11524897101879-Rigo-Camouflage-Half-Sleeve-T-Shirt-For-Men-9961524897101775-3.jpg,6.0,3.0,0.0
296,748ee63d-4b81-483b-ae97-44eaccabfed11534765774555-Pepe-Jeans-Men-Red-Printed-Round-Neck-T-shirt-8891534765774455-5.jpg,6.0,1.0,9.0
297,11458045762547-Globalite-Sport-Blue-Polo-T-shirt-6831458045762066-2.jpg,3.0,3.0,6.0
298,c13edd93-ea83-42b7-a4a8-e5a2612fe09e1534764697495-Arrow-Sport-Men-Blue-Printed-Polo-Collar-T-shirt-61015347646-1.jpg,2.0,3.0,9.0
299,11520676731401-Roadster-Men-White-Printed-Round-Neck-T-shirt-7331520676731309-5.jpg,6.0,3.0,3.0
300,b2b08a52-31d8-482f-b865-0c0810d41db91527492983543-na-3001527492983397-3.jpg,6.0,,9.0
301,78f04ca3-076b-4635-b9ae-d74fb33f1c951533804304535-Ruggers-Men-Tshirts-2041533804302603-5.jpg,3.0,3.0,9.0
302,11499753616851-Tommy-Hilfiger-Men-Navy-Printed-Round-Neck-T-shirt-821499753616588-1.jpg,4.0,3.0,9.0
303,9459b767-f333-44f2-affb-93e7bfba706d1533725484818-aLL-Men-Yellow-Printed-Round-Neck-T-shirt-7001533725481679-2.jpg,6.0,3.0,9.0
304,11517464373294-NA-3521517464373179-4.jpg,5.0,3.0,
305,11488371966719-FOREVER-21-Men-White-Striped-Round-Neck-T-Shirt-7511488371966444-1.jpg,4.0,3.0,9.0
306,11515751090665-Jack--Jones-Men-Tshirts-2411515751090624-5.jpg,6.0,,9.0
307,Gritstones-Men-Red-Hooded-T-shirt_d8c11f9e9ef1f2d18cb3871a91ac39f1_images.jpg,1.0,3.0,9.0
308,11517570835055-YWC-Men-Charcoal-Grey-Camouflage-Mandarin-Collar-T-shirt-7621517570834992-4.jpg,6.0,3.0,0.0
309,11517291382207-Lee-Men-Tshirts-2781517291382127-5.jpg,6.0,3.0,3.0
310,11510392143556-Tommy-Hilfiger-Men-Tshirts-8461510392143423-4.jpg,6.0,,1.0
311,75df89b5-0eec-4734-b655-574827974c2d1526986938188-Cloak--Decker-by-Monte-Carlo-Men-Navy-Blue-Solid-Polo-Collar-T-shirt-2581526986938076-3.jpg,3.0,,
312,11501749161455-Gael--Grey-Self-Design-Regular-Fit-Tshirts-7371501749161225-4.jpg,,3.0,9.0
313,11460705266987-Killer-Navy-Printed-T-shirt-8181460705266265-1.jpg,6.0,3.0,
314,11505460880770-na-6911505460880694-1.jpg,,3.0,9.0
315,11524216270266-WROGN-Men-Blue-Printed-V-Neck-T-shirt-4391524216270207-5.jpg,5.0,,9.0
316,c102847c-574c-46b8-866d-a9ca5178e21a1528973910648-HERENOW-Men-Navy-Blue--White-Striped-Henley-Neck-T-shirt-701-5.jpg,0.0,3.0,9.0
317,11487319918852-Breakbounce-Men-Maroon-Solid-Hood-T-Shirt-8301487319918701-4.jpg,1.0,3.0,9.0
318,11508917360141-Raymond-Men-Blue-Checked-Polo-Collar-T-shirt-9441508917359958-3.jpg,6.0,3.0,
319,11510146404227-Wear-Your-Mind-Men-Blue-Printed-Round-Neck-T-shirt-7861510146404124-5.jpg,6.0,2.0,9.0
320,11503037642003-LOCOMOTIVE-Men-Tshirts-811503037641849-4.jpg,0.0,3.0,9.0
321,11464956553307-ALCOTT-Blue-Flock-Text-Print-T-shirt-5011464956553035-3.jpg,6.0,3.0,8.0
322,3a2ffc87-9214-478f-a0ac-fa8a10fb829c1528180131331-na-1261528180131104-2.jpg,6.0,3.0,9.0
323,2bd749f7-8ef9-40c5-8476-3798881491b51527746270640-Ben-Martin-Men-Maroon-Solid-Hood-T-shirt-7891527746270422-1.jpg,1.0,0.0,9.0
324,09c0e159-f174-4279-b555-463c1c1beaa71533797068208-a-3161533797068042-4.jpg,,0.0,9.0
325,77e4e78a-1d3d-47f5-a8f2-296e5094d6e61531140160376-Roadster-Men-Tshirts-811531140159584-1.jpg,6.0,,9.0
326,2876ccef-0a6f-4acf-836c-457830c754501528537209399-Indian-Terrain-Men-Burgundy-Solid-Polo-Collar-T-shirt-231528-4.jpg,6.0,0.0,9.0
327,11522145178444-Moda-Rapido-Men-Grey-Melange-Printed-T-shirt-2621522145178298-1.jpg,6.0,3.0,9.0
328,2a3d62bd-b4a0-4faa-841e-303f14e2ef721525861310370-Striped-Blue-Polo-T-shirt-for-Men-by-Classic-Polo-6201525861310199-1.jpg,6.0,3.0,9.0
329,11520509522441-na-4751520509522224-1.jpg,6.0,3.0,9.0
330,11506590723741-FOREVER-21-Men-Yellow-Solid-Hood-T-shirt-411506590723650-5.jpg,1.0,3.0,9.0
331,11500881084090-Roadster-Men-Teal-Printed-Henley-Neck-T-shirt-8811500881083980-5.jpg,0.0,3.0,
332,b7e6b56e-97cc-42d5-9428-4d6d1d46b3861531982818511-WROGN-Men-Tshirts-3531531982817399-5.jpg,0.0,3.0,9.0
333,11513328094589-a-5721513328094488-2.jpg,,2.0,
334,11461827372049-US-Polo-Assn-Navy-T-shirt-2071461827371893-5.jpg,5.0,3.0,9.0
335,4fad6a95-e0f5-4b2b-960d-b06eb78df87c1533894746279-Roadster-Men-Tshirts-831533894744030-1.jpg,,3.0,9.0
336,04731fe2-df84-4454-ae23-03b85cc4f6d41533884019632-Rigo-Men-Grey-Striped-Hood-T-shirt-5091533884019537-4.jpg,1.0,3.0,9.0
337,8592bce5-4e01-4a70-a0a0-672d6181886f1533535805792-Puma-Men-Black--Grey-Coloublocked-Hooded-Run-DRY-CELL-T-shirt-8361533535805667-4.jpg,1.0,3.0,9.0
338,44cbbb06-31bb-47ac-9499-e542667fdee21537509901415-Adidas-Men-Tshirts-9371537509901311-4.jpg,4.0,3.0,9.0
339,15673cc1-0da2-446d-b100-c69e1377d00f1528963867529-Moda-Rapido-Men-White-Printed-Longline-Round-Neck-T-shirt-56-5.jpg,6.0,3.0,9.0
340,e0d18741-ca24-481e-b3e8-ad0fcfbd9b1b1534744693682-ELABORADO-Men-Tshirts-421534744692540-4.jpg,6.0,0.0,
341,11511442559464-Moda-Rapido-Men-Black-Printed-Round-Neck-Longline-T-shirt-8261511442559420-4.jpg,6.0,3.0,9.0
342,11470400391022-Metersbonwe-Black-Striped-Detail-Polo-T-shirt-3551470400390807-5.jpg,3.0,3.0,9.0
343,11506597646743-Mast--Harbour-Men-T-shirt-8931506597646610-3.jpg,2.0,3.0,9.0
344,11520941110572-Pepe-Jeans-Men-Tshirts-4361520941110471-4.jpg,6.0,3.0,6.0
345,11519373563858-NA-31519373563671-4.jpg,6.0,3.0,
346,11512212874136-Parx-Men-Tshirts-9501512212874044-1.jpg,3.0,3.0,
347,11510386791100-Tom-Tailor-Mens-Solid-Casual-T-shirt-8621510386790884-3.jpg,,3.0,9.0
348,3a6d91af-544e-4f5e-9dc6-f24e57e6ed4e1529302036780-na-4201529302036641-5.jpg,6.0,3.0,9.0
349,11498808681135-Huetrap-Men-White-Printed-Round-Neck-T-shirt-9171498808681698-2.jpg,6.0,3.0,9.0
350,11504936290961-Roadster-Men-Charcoal-Solid-Henley-Neck-T-shirt-6371504936290814-4.jpg,6.0,3.0,9.0
351,11507808355018-rockit-Men-Tshirts-1301507808354868-4.jpg,6.0,3.0,9.0
352,42ec8a70-12eb-43d1-976d-5ab15fddbf761527917869885-Jack--Jones-Men-Grey-Printed-Round-Neck-T-Shirt-697152791786-3.jpg,6.0,3.0,9.0
353,11499940299468-INVICTUS-Men-White--Grey-Colourblock-Polo-T-shirt-9791499940299249-3.jpg,6.0,3.0,9.0
354,a0590e9c-d4ee-4f1b-bd3e-19237b993d561528807476401-Maniac-Men-Black-Checked-Round-Neck-T-shirt-7821528807476184-1.jpg,,3.0,1.0
355,11505892624736-Jack--Jones-Men-Peach-Coloured-Printed-Round-Neck-Sleeveless-T-shirt-4791505892624541-1.jpg,6.0,2.0,
356,ef30d349-8b25-40f6-aa7c-dd9f6ec4d3ec1535792396189-Roadster-Men-White-Printed-Round-Neck-T-shirt-10815357923953-3.jpg,6.0,3.0,8.0
357,11502869157975-Blackberrys-Men-Tshirts-5771502869157781-1.jpg,,3.0,9.0
358,11517373990961-Roadster-Men-Black-Striped-Polo-Collar-T-shirt-5411517373990825-5.jpg,6.0,3.0,9.0
359,11507535335946-FOREVER-21-Men-Tshirts-3141507535335690-2.jpg,6.0,,9.0
360,11503395084875-LOCOMOTIVE-Men-Navy-Blue-Printed-Round-Neck-Slim-Fit-T-shirt-2251503395085280-3.jpg,6.0,,9.0
361,11519041235213-Roadster-Men-Tshirts-4431519041234993-3.jpg,0.0,3.0,9.0
362,11517207239022-Blackberrys-Men-Tshirts-4771517207238951-5.jpg,6.0,3.0,5.0
363,11479120391389-2GO-Men-Tshirts-971479120391203-1.jpg,6.0,,9.0
364,11510810692986-FOREVER-21-Men-Tshirts-921510810692805-2.jpg,6.0,3.0,9.0
365,52f6eada-1916-4dc9-93b8-5c1b1b6e8c861527933522077-Wills-Lifestyle-Men-Tshirts-5151527933521921-2.jpg,2.0,3.0,9.0
366,c462cd13-51ac-4f4d-96bf-a4731d824e6f1536229982328-Being-Human-Men-Navy-Blue-Printed-Round-Neck-T-shirt-2231536-5.jpg,,3.0,9.0
367,11524650866139-Crocodile-Men-Pack-of-3-T-shirts-1921524650865875-2.jpg,6.0,,6.0
368,11505200528326-People-Men-Tshirts-1961505200528122-1.jpg,6.0,3.0,
369,69a03a3c-a372-4e2b-9d50-7922bc387ebf1532955920816-Moda-Rapido-Men-Black-Solid-Round-Neck-T-shirt-2601532955919-5.jpg,6.0,3.0,9.0
370,11497676716363-INDICODE-Men-Tshirts-5211497676716224-5.jpg,6.0,3.0,6.0
371,11455604307654-GRITSTONES-Men-Tshirts-8941455604307007-1.jpg,1.0,3.0,9.0
372,11519455273924-Monte-Carlo-Men-Tshirts-6871519455273772-3.jpg,6.0,1.0,
373,11514530901196-ether-Men-Blue-Striped-T-Shirt-3051514530901046-2.jpg,2.0,3.0,9.0
374,Jack---Jones-Men-Beige-T-shirt_92067364160f202f15546b25c69860f6_images.jpg,5.0,3.0,
375,11513578651987-SayItLoud-Navy-Lounge-Hooded-Tshirts-61SOLIDSPACEBLUENAVY-7391513578651882-5.jpg,1.0,3.0,9.0
376,11522927240954-FOREVER-21-Men-Tshirts-2971522927240904-3.jpg,6.0,,0.0
377,30dadd30-4517-467d-819c-20cad53f62e71531904080673-Pepe-Jeans-Men-Navy-Blue-Printed-Polo-Collar-T-shirt-7581531904079899-5.jpg,,1.0,
378,dd7e3f65-7a40-421c-a605-5d7ff8c2fa451534487135263-Crocodile-Men-Olive-Green-Striped-Polo-Collar-T-shirt-3591534487135145-4.jpg,6.0,3.0,7.0
379,11507808131725-rockit-Men-Tshirts-8011507808131725-2.jpg,5.0,3.0,9.0
380,2ddb63fd-928a-40da-b9e0-bc61fbf4ff501534829863076-NA-9541534829862766-1.jpg,0.0,3.0,9.0
381,8dc648fc-7b07-4609-b4d8-7d19204b5ce91536388148648-Okane-Men-Tshirts-2751536388148477-1.jpg,6.0,3.0,5.0
382,11502454316484-American-Crew-Men-Blue--Red-Striped-V-Neck-T-shirt-3631502454316341-2.jpg,5.0,3.0,9.0
383,11486634280391-Tommy-Hilfiger-Men-Grey-Solid-Round-Neck-T-Shirt-3311486634280138-2.jpg,,3.0,9.0
384,11492584046440-Peter-England-Men-Tshirts-5921492584046355-4.jpg,,0.0,9.0
385,11490955351103-Roadster-Men-Charcoal-Printed-Round-Neck-T-Shirt-691490955350760-1.jpg,6.0,3.0,
386,11520673885115-Pirates-of-the-Caribbean-Blue-Vest-For-Men-6181520673884918-2.jpg,6.0,3.0,9.0
387,11495109023266-Jack--Jones-Men-White-Striped-Round-Neck-T-shirt-3801495109023044-3.jpg,6.0,2.0,
388,556713bb-c484-4203-8af2-970b65c828ec1532345270392-Flying-Machine-Men-Green-Printed-Round-Neck-T-shirt-12315323-4.jpg,6.0,,9.0
389,11511442805376-Moda-Rapido-Men-White-Printed-Longline-T-shirt-2081511442805266-4.jpg,6.0,,9.0
390,eb32a78c-1031-446c-a642-43b2123cb87b1528288833700-Roadster-Men-Tshirts-7451528288833525-4.jpg,6.0,0.0,9.0
391,7c46accf-a574-45c7-a737-5497092324221528180070736-na-8691528180070511-1.jpg,0.0,3.0,9.0
392,11524654907058-Crocodile-Men-Pack-of-3-T-shirts-6341524654906805-1.jpg,5.0,3.0,9.0
393,11524819868202-Peter-England-Men-Olive-Green-Solid-Mandarin-Collar-T-shirt-3851524819868019-4.jpg,4.0,3.0,9.0
394,11443689917142-SELECTED-Burgundy-Pima-Drill-T-shirt-1051443689916544-5.jpg,,3.0,9.0
395,11524038801857-Black-Asymetric-Hooded-Long-Sleeves-Tee-6141524038801741-4.jpg,1.0,,9.0
396,11516598513216-Gespo-Hooded-Long-Sleeves-Printed-T-shirt-1601516598513137-4.jpg,,,9.0
397,11507805534748-ATTIITUDE-Men-White-Printed-Round-Neck-T-shirt-6881507805534621-4.jpg,6.0,2.0,9.0
398,11510295616026-Wills-Lifestyle-Men-Tshirts-2611510295615842-2.jpg,0.0,3.0,9.0
399,52d67acc-4823-4aaa-aa60-7e14e72338761528190196642-Cottonworld-Men-Tshirts-2431528190196529-4.jpg,6.0,3.0,9.0
400,11521699305571-GRITSTONES-Men-Tshirts-2071521699305482-4.jpg,0.0,,
401,11517205317457-Blackberrys-Men-Navy-Blue-Checked-Polo-Collar-T-shirt-6121517205317335-4.jpg,6.0,,1.0
402,11518090588578-Splash-Men-Black-Solid-Round-Neck-T-shirt-4441518090588461-4.jpg,,3.0,9.0
403,3075bea9-6f7e-4ea5-b607-4b52a3af48d81527930891435-na-821527930891077-1.jpg,3.0,3.0,
404,d56ed310-c1d1-4c3f-8cd7-a8388386e42d1533300355387-WROGN-Men-Burgundy-Printed-Round-Neck-T-shirt-11515333003534-1.jpg,6.0,3.0,9.0
405,11524819868234-Peter-England-Men-Olive-Green-Solid-Mandarin-Collar-T-shirt-3851524819868019-2.jpg,,3.0,9.0
406,54202134-0802-40b0-aa67-fe82995bc5351526275378266-Dream-of-Glory-Inc-Mens-Branded-Full-Sleeve-Cotton-Turtle-Neck-TShirts-XS-8XL-Pack-of-2-7101526275378154-6.jpg,6.0,3.0,9.0
407,b72bc87b-cbd3-4697-894f-8c13f60f52461529053717041-United-Colors-of-Benetton-Men-Tshirts-7381529053716942-4.jpg,6.0,,9.0
408,11488955694363-United-Colors-of-Benetton-Men-Black-Printed-Round-Neck-T-Shirt-7611488955694116-1.jpg,2.0,3.0,9.0
409,2714f965-5b7f-4c57-88ab-d9ca667d84321531894487988-NEXGEN-CLUB-Mens-Round-Neck-Grey-Cotton-T-Shirt-371531894487780-2.jpg,6.0,3.0,9.0
410,11518065374444-Kook-N-Keech-Disney-Men-Black-Printed-Longline-T-shirt-6701518065374325-4.jpg,6.0,,9.0
411,11469516423051-MR-BUTTON-Yellow-Structured-Fit-Henley-T-Shirt-5191469516421144-4.jpg,2.0,,9.0
412,d5a494ec-9141-451a-93ab-21f30b39d2981526385428438-INVICTUS-Men-Black--White-Colourblocked-Round-Neck-T-shirt-8271526385427059-5.jpg,,3.0,9.0
413,9b8839cc-ae70-4157-982c-dce6005c8bfe1527750472137-UVW-Mens-Organic-Casual-V-Neck-Solid-T-Shirt-7691527750471924-3.jpg,5.0,,9.0
414,fe749438-e6d2-4e50-9668-704c71746a271534748169496-ELABORADO-Men-Navy-Blue-Self-Design-Henley-Neck-T-shirt-3641-1.jpg,6.0,3.0,5.0
415,11476695624307-Arrow-New-York-Men-White-Printed-Polo-Collar-T-shirt-161476695624035-1.jpg,6.0,,
416,11489127789684-FILA-Men-Tshirts-6591489127789417-3.jpg,2.0,3.0,9.0
417,11498214284118-Reebok-Men-Blue-Printed-Round-Neck-T-shirt-9091498214283971-4.jpg,6.0,,9.0
418,f3d0d7ae-40b3-4b93-8d54-7ac3d28fd90d1536388112599-Okane-Men-Tshirts-5681536388112488-4.jpg,6.0,3.0,5.0
419,11494477334456-Wills-Lifestyle-Men-Navy-Blue-Solid-Mandarin-Collar-T-shirt-3281494477334189-4.jpg,2.0,3.0,
420,11523007253303-BMW-MS-Logo-Tee-8391523007253069-2.jpg,4.0,3.0,9.0
421,11521549483605-Tommy-Hilfiger-Men-White-Solid-Polo-Collar-T-shirt-5221521549483423-1.jpg,,,9.0
422,11525775837073-Fritzberg-White-fashion-stripes-printed-V-neck-T-shirt-4691525775836901-2.jpg,6.0,3.0,9.0
423,11515668576714-Moda-Rapido-Men-Polo-Collar-T-shirt-9111515668576603-2.jpg,0.0,3.0,9.0
424,4741579b-0e13-4a9e-b0fa-3bf7c0594dd91535008597726-Moda-Rapido-Men-Black-Striped-Round-Neck-T-shirt-13015350085-3.jpg,6.0,,9.0
425,11519822516890-Spiritus-by-pantaloons-Men-White--Black-Striped-Mandarin-Collar-T-shirt-6841519822516666-1.jpg,6.0,3.0,
426,11522482561256-sOliver-Men-Green-Solid-V-Neck-T-shirt-401522482561115-3.jpg,6.0,,9.0
427,11518592986511-Tommy-Hilfiger-Men-Pink-Printed-Round-Neck-T-shirt-3171518592986381-4.jpg,6.0,1.0,9.0
428,3d61d61f-6b83-4938-b2a5-b025cc580b931536145419802-Arrow-Sport-Men-Tshirts-7841536145419711-5.jpg,6.0,0.0,9.0
429,Gritstones-Men-Steel-Blue-Hooded-T-shirt_820694d9d95309d2a5baa99c41d711c5_images.jpg,6.0,3.0,9.0
430,11492763528822-ALCOTT-Men-Olive-Self-Design-Round-Neck-T-shirt-9101492763528409-1.jpg,4.0,3.0,9.0
431,fb0800e2-7dae-4853-8614-205bcbe9cbe91531133402141-Roadster-Men-Tshirts-4611531133400115-1.jpg,5.0,3.0,9.0
432,a2d3c301-f970-4894-9f6d-7e3e6beefbf81535100042906-Moda-Rapido-Men-Grey-Camouflage-Printed-Longline-T-shirt-131-3.jpg,6.0,3.0,0.0
433,54034cba-0ed1-4bd5-b901-f639f15f03361533897739999-Half-Sleeves-Round-Neck-Printed-Cotton-T-shirt-3751533897739734-3.jpg,,3.0,9.0
434,11512554932945-Basics-Men-Brown-Printed-Polo-Collar-T-shirt-7131512554932774-2.jpg,6.0,,2.0
435,11523007753932-Lee-Cooper-Men-Tshirts-7121523007753716-1.jpg,0.0,3.0,9.0
436,11518243783753-na-2991518243783601-2.jpg,,2.0,9.0
437,05d9e7ce-6876-4259-a570-a414382bafd01528284912518-Killer-Mens-Casual-T-shirt-5871528284911646-2.jpg,6.0,3.0,9.0
438,11523339167919-na-5711523339167690-2.jpg,6.0,3.0,9.0
439,12ea6fca-cea9-4eab-9b15-6d7d25db7e971527661003521-US-Polo-Assn-Men-Yellow-Solid-Polo-Collar-T-shirt-2211527661002487-4.jpg,3.0,3.0,
440,e5784121-6b2c-4943-888c-65bb87e262221535628390794-Stripped-Front-Slit-Thumbhole-Kurta-2211535628390539-1.jpg,6.0,3.0,9.0
441,11518861994900-Indian-Terrain-Men-Tshirts-7741518861994709-1.jpg,3.0,3.0,9.0
442,11499859068278-HRX-by-Hrithik-Roshan-Men-Grey-Self-Design-RAPID-DRY-T-Shirt-7071499859068138-5.jpg,2.0,3.0,9.0
443,66ad1bb8-2093-42ef-80f6-313ffe6f025d1534333249679-1.jpg,6.0,,
444,11520673985914-Pirates-of-the-Caribbean-Turquoise-Vest-For-Men-7611520673985799-4.jpg,6.0,2.0,9.0
445,11504871164040-Roadster-Men-Tshirts-6821504871163789-3.jpg,4.0,,9.0
446,3464033b-2be3-4d1d-a57b-3e31d70e04f51535180365156-2GO-Men-Grey-Solid-Round-Neck-T-shirt-5171535180363830-5.jpg,6.0,3.0,9.0
447,553b1163-3d74-47b2-ab48-dbc0bef57bac1532079241565-Moda-Rapido-Men-Tshirts-8711532079241426-3.jpg,6.0,,9.0
448,11506408668970-Hypernation-Men-Tshirts-301506408668952-2.jpg,6.0,3.0,
449,6164b41c-0fc8-401a-9a71-278c07afef551531462947316-na-6281531462947205-5.jpg,6.0,1.0,9.0
450,7e5b9e96-cf1d-4f9e-a66b-0c9341c427d11526385128530-BONATY-Red-100-Cotton-Round-Neck-Printed-T-Shirt-For-Men-5551526385128375-3.jpg,4.0,,
451,220bef89-4b57-4005-b1b2-6b2f210124811537273701008-GAP-Mens-Navy-Blue-Essential-V-Neck-T-Shirt-3211537273699398-1.jpg,6.0,1.0,9.0
452,cda8e66a-2516-4c0b-a9a1-b1cb9b51ec431527500241287-United-Colors-of-Benetton-Men-Navy-Blue-Striped-V-Neck-T-shirt-3791527500239654-4.jpg,6.0,,9.0
453,4c802d1c-4094-42c1-a3e8-991d795b03c31536919822374-United-Colors-of-Benetton-Men-Yellow-Solid-Stand-Collar-T-shirt-5141536919822257-5.jpg,2.0,3.0,9.0
454,11485340028352-FILA-Men-Blue-Colourblocked-Polo-T-Shirt-7091485340027996-1.jpg,2.0,1.0,9.0
455,11503484722306-American-Crew-Men-Grey-Striped-Polo-Collar-T-shirt-211503484722057-2.jpg,3.0,3.0,9.0
456,ab846050-43fb-4392-9df1-ce21352f4afa1529402508907-URBAN-ESTILO-Men-Red-Solid-Round-Neck-T-shirt-501529402508652-2.jpg,6.0,2.0,9.0
457,11520673920546-Pirates-of-the-Caribbean-White-Vest-For-Men-8381520673920305-2.jpg,6.0,2.0,
458,11491202797263-Slub-Men-Purple-Printed-Round-Neck-T-Shirt-1721491202797051-2.jpg,6.0,3.0,9.0
459,11516177795885-HERENOW-Men-Charcoal-Solid-Mandarin-Collar-T-shirt-1311516177795785-2.jpg,,3.0,9.0
460,11524733167038-Puma-Men-Black-Printed-Round-Neck-T-shirt-1391524733166896-3.jpg,6.0,1.0,9.0
461,fce8c482-b24d-4377-8d64-60ecbdc437661530775535194-Hypernation-Purple-and-White-Stripe-Round-Neck-Cotton-Asymme-3.jpg,6.0,,9.0
462,bea51806-f576-439d-931b-35656312b0bc1526279369033-na-4061526279368830-3.jpg,6.0,0.0,
463,11504330852405-hummel-Men-Grey-Printed-Classic-Bee-Ss-Round-Neck-T-shirt-1071504330852226-3.jpg,4.0,3.0,9.0
464,bc8b0b98-cffa-4d6a-bc22-96c4b1de63bf1527144342339-Hypernation-Men-Maroon-Striped-Round-Neck-T-shirt-5011527144342150-2.jpg,6.0,,9.0
465,11517464869445-NA-9361517464869390-4.jpg,0.0,,9.0
466,11504859709433-People-Men-Tshirts-4921504859709205-1.jpg,6.0,2.0,9.0
467,11508752000138-Puma-Men-Blue-Solid-Round-Neck-T-shirt-5381508752000035-4.jpg,6.0,1.0,9.0
468,e6506b4e-0dcf-4144-8ece-094e02effab01531822070535-na-3911531822070406-3.jpg,6.0,3.0,9.0
469,11519883266682-Proline-Active-Men-Olive-Green-Solid-Round-Neck-T-shirt-9001519883266510-4.jpg,6.0,2.0,9.0
470,24c3ba42-1e30-4cb0-aac2-222921869ca41536570209866-Flying-Machine-Men-Blue-Solid-Henley-Neck-T-shirt-6691536570-5.jpg,6.0,3.0,9.0
471,11498124380720-Peter-England-Men-Tshirts-741498124380636-5.jpg,3.0,3.0,
472,11523950545772-Kook-N-Keech-Disney-Men-Black-Printed-Hood-T-shirt-1811523950545505-1.jpg,1.0,3.0,9.0
473,11498121185357-Van-Heusen-Sport-Men-Navy-Blue-Solid-Polo-Collar-T-shirt-4091498121185094-1.jpg,,,
474,11497949931804-SPYKAR-Men-Tshirts-3011497949931645-5.jpg,6.0,3.0,9.0
475,11504951720178-John-Players-Men-Tshirts-41504951719979-4.jpg,6.0,3.0,2.0
476,11523008133704-evoKNIT-Better-Tee-3531523008133537-5.jpg,6.0,3.0,5.0
477,90044561-8959-460a-a650-49a6772237931537435887885-Levis-Men-Black-Striped-Polo-Collar-T-shirt-1591537435887702-2.jpg,6.0,3.0,9.0
478,617e1e7a-16d3-4fea-8a69-d31f2052989b1531745561464-Nike-Men-Grey-NSW-ME-AV15-Loose-Fit-T-shirt-2981531745560081-4.jpg,,1.0,9.0
479,11508226750709-FOREVER-21-Men-Orange-Solid-Round-Neck-T-shirt-6141508226750604-3.jpg,6.0,3.0,
480,34215de6-c544-40cd-8276-641f27d2aeb71528274940869-HRX-by-Hrithik-Roshan-Men-Tshirts-7421528274940725-3.jpg,6.0,3.0,9.0
481,11518849779692-Harvard-Men-Blue-Solid-Polo-Collar-T-shirt-4821518849779526-4.jpg,,1.0,9.0
482,11503557933099-Nike-Men-Green-Printed-V-Neck-T-shirt-2351503557932877-1.jpg,5.0,3.0,9.0
483,11517902829257-Kook-N-Keech-Men-Black-Printed-Round-Neck-T-shirt-2531517902829065-2.jpg,6.0,,
484,11499762436329-United-Colors-of-Benetton-Men-White-Solid-Round-Neck-T-shirt-8821499762436139-4.jpg,,3.0,9.0
485,341d7287-97b6-4c2b-89ea-e4c104a471471526557211462-Rodamo-Men-Blue-Solid-V-Neck-T-shirt-8391526557211266-2.jpg,5.0,,9.0
486,11479298215341-American-Crew-Men-Charcoal-Striped-Polo-Collar-T-Shirt-2981479298215144-3.jpg,,3.0,9.0
487,e43899c3-0557-4fca-b3cd-02d7592c8b661531310986301-AMERICAN-EAGLE-OUTFITTERS-Men-Orange-Solid-V-Neck-T-shirt-93-5.jpg,6.0,1.0,9.0
488,031d0060-f363-4bb8-8ad6-46ff74b228931528368970226-Men-Coral-Red-Round-Neck-Tshirt-3211528368970038-3.jpg,,3.0,8.0
489,11473920785709-Wear-Your-Mind-Men-Tshirts-5311473920785436-3.jpg,,3.0,0.0
490,11519991162980-Numero-Uno-Men-Tshirts-6471519991162821-5.jpg,6.0,3.0,9.0
491,e2a4b3a3-3a82-446e-ac12-b99f5c512a331527750389855-UVW-Mens-Organic-Casual-Round-Neck-Printed-T-Shirt-9371527750389623-1.jpg,4.0,3.0,
492,11502341822504-Roadster-Men-Blue-Printed-Hood-T-shirt-7891502341822257-2.jpg,6.0,3.0,9.0
493,11508138154934-FOREVER-21-Men-Tshirts-1551508138154824-4.jpg,1.0,3.0,9.0
494,c0e41aae-5221-442a-acc7-b56fd216c0a71532336928555-Wear-Your-Mind-Black-Cotton-T-shirt-For-Men-8901532336928391-2.jpg,1.0,3.0,9.0
495,11516690177112-Levis-Men-Black-Solid-Henley-Neck-T-shirt-8911516690176988-2.jpg,0.0,,9.0
496,11518696582679-HRX-by-Hrithik-Roshan-Men-Navy-Blue-Printed-Round-Neck-T-shirt-9491518696582567-4.jpg,4.0,3.0,9.0
497,64e6b2dd-5b5e-4409-a9e2-8fd3c75b98441534509965161-Moda-Rapido-Men-White-Solid-Mandarin-Collar-T-shirt-56415345-4.jpg,,3.0,9.0
498,6ac994a3-9883-4006-8c76-a6ca65a3d2561530616971580-Vaishvik-Men-Green-Printed-Round-Neck-T-shirt-971530616971473-1.jpg,6.0,,3.0
499,11523358662946-Monteil--Munero-Men-Black-Printed-Polo-Collar-T-shirt-2911523358662770-3.jpg,3.0,3.0,9.0
